{
  "k_values": [
    2,
    4,
    6,
    8,
    10
  ],
  "performance_results": [
    0.5642446874338215,
    0.5022327114794629,
    0.5213763355102656,
    0.4943270618905556,
    0.48294129936559577
  ],
  "training_times": [
    10811.094614,
    8575.827944,
    7338.048473,
    6151.581418,
    5064.00811
  ]
}