{
  "r": [
    4,
    8,
    16
  ],
  "alpha": [
    16,
    32,
    64
  ],
  "performance_results": [
    0.0,
    0.22205460292245263,
    0.4561763437739769
  ],
  "training_times": [
    10180.587786,
    10487.794354,
    10803.615927
  ]
}