{
  "prefix_lengths": [
    10,
    30,
    50,
    100
  ],
  "performance_results": [
    0.0,
    0.0,
    0.0,
    0.0
  ],
  "finetuning_times": [
    7779.079459,
    11394.991727,
    8700.027622,
    9077.471617
  ]
}